taskId,taskTimePredicted
0bed2d5cd82456af0239,3.691833333333335
3e9117e0d978e79e02e9,3.6935000000000007
898eb4f04d5eb328ed94,5.477
eafd37c5536bc45e5a43,3.6935000000000007
d59413b44eb9878eca66,3.5515000000000003
971d64251136dab53170,3.9166666666666674
8ae36c0327bcb95d8963,4.486333333333331
28b381887db9aefdd8b8,4.436666666666665
ac44ce5623bf2ad6f8d9,5.019166666666667
c9f1003db4ca31d5d14d,1.1548333333333343
fd03ac738e923ea33d49,0.9676666666666669
c9d620493962696e944b,1.2663333333333335
1b04ce6992e1896ac27c,1.3053333333333337
0db6d39197e24907d642,3.611000000000002
5292f6f56de16befc632,1.1208333333333338
c651fc0a10c224b3acab,0.5516666666666663
43b0b9526b3f4c75c343,0.644833333333333
4f89cffa44a8e0b85688,1.1585000000000008
c1f40dbe8ecd6d01e065,4.873333333333336
48f41a299b94496b5f0c,10.731499999999999
14f35d4ef66219796e7b,10.731499999999999
81af20d8a08590e6fcf5,2.5901666666666676
e3cd7081f22fa05aea8d,9.299
07cd89d79bfcd244fc58,8.461666666666668
7d7008d405edc9dc19fc,2.385000000000001
3a09c7d0d5c5a2c62a6b,2.385000000000001
4b7e75af2215c578db22,2.432333333333334
4c628a66622bce29297e,6.377833333333337
8283bfbd5f3b1168ed7b,2.3005000000000013
11f6af556e851326f33e,2.385000000000001
c82b984c4137d2e89484,11.859499999999999
aae1c5f28873a3843a52,13.72616666666667
1c5785a525d57bb8add4,12.04933333333333
33c0f44f738c449759ff,14.036166666666663
0eda7caa59f645b4f0b6,2.2950000000000013
3398ef9fb3e4c91470b1,8.723999999999998
aa06c578a1ef9f4fcbbd,11.312666666666676
782a16e338fcb9ea95da,13.72616666666667
55476bb4561a42e4054d,11.644333333333334
db0c17cbeb01646756cc,13.961833333333338
7bb90fa8415ac2c5d2ae,15.806000000000004
c605d2d299de7459663f,14.036166666666663
b542de6bc4f1b38482d8,12.170166666666661
42c45e9780f6ce14063f,8.461666666666668
767f6b8a382ce50803e8,8.59066666666667
bd780dd94f9b5e9a9d80,8.59066666666667
c7ac3063e54b9cdff822,2.2980000000000005
fd6d375787c6efd9fb34,2.8416666666666686
076cc2afabafd2beecf0,13.629083333333329
9cfa463a0e7c8af956c2,8.736666666666665
e6128c8e35cca924a547,12.93983333333333
b13a155c576bc9df3a5d,11.859499999999999
3517aa50638843ff05fc,2.3741666666666674
8715be72c847eddd1e3f,14.036166666666663
dbdf3a27a744d661a31c,14.036166666666663
34f7195c9204025de8e4,2.5901666666666676
247c4fdc37090bbbfa57,15.4
399108a57f87fad51e12,2.549166666666668
7702400fac714a5c298e,2.432333333333334
89780c6e7e2fc8a99abe,2.5901666666666676
1df392f076374ac4e466,8.262333333333332
b2a752681b0e25aa06b1,11.233666666666663
9f444e536ed3d990044d,10.408666666666669
38eeb0fc9940574efc7f,10.408666666666669
e4fb227810c07f685a8c,10.408666666666669
532a8692f26ead34027d,11.7695
33379b2b30645c0c373e,15.744000000000003
7e3c4f2d31980aecbabf,15.744000000000003
955059f918cddbabced9,9.204166666666666
364f6bb70bc6a477027c,26.236964285714283
2d078c488066c7d82a58,14.566499999999998
d5f4a329328b7d7f0f07,6.726833333333332
f50fc939b3d5807cf0da,14.310766666666671
58b724a630f19d623026,18.135277777777784
f09a3baaee9f6e6d282b,12.360166666666679
af8b56a8c1d8754e7dfd,13.764166666666672
55defdabc2735ec3036f,12.739166666666682
1df034997b74e0897bcc,13.701333333333343
179d76cf14217f368b27,11.868000000000016
1508f57ceb0675072123,13.146333333333343
40bf6c9e79b8f10338b9,13.495500000000003
0fc18070fd4159c18d5b,13.752500000000007
6616a19373c1b5b27375,11.868000000000016
1b7f5a8f02cec1cdbc13,11.643500000000012
30fe44f46a9fe45592ef,13.188500000000003
34b81212b30ccd8c096a,23.82426960784315
f05755dd68e2e02c33ab,2.9190555555555564
28ec0da53585250eaedb,7.0726666666666675
e323216630822e73c602,3.3987777777777772
1de3f817e73abde2047d,3.0091666666666668
cd8d419b48b5eab53373,4.1303555555555524
a91c6636c2f78142f325,6.721666666666665
0792cf1cd9bb4ddefd97,4.905166666666664
c457365bb99db8b79a7b,4.397666666666665
b1bc0a8f5fbff7836e4a,6.4351666666666665
e3251c00e82c8e7ecc40,4.734333333333332
89c76aaa2f1ea102f643,4.252666666666666
59d74b2fd93c003c8595,4.9966666666666635
a77a8134df60f954975b,4.119166666666667
9c364c55db7ef7a4dfed,4.450166666666664
d44c1685baf6f7b43b36,4.524499999999998
2e526ca9c174f0dad038,6.422166666666667
31f80ff94114d7a447fc,3.245070436507935
37912f06a32ab07d8677,3.2194037698412687
73cb017699a1092bd678,2.393342658730157
1e7fdb015682a3935a1e,4.796449603174599
061f303f225ae08fdab3,2.409541666666668
63ccc13b68af8510663d,3.395266666666665
9f523cc2ae3046c0e436,6.308844444444447
8365e965240ea8517956,2.3335555555555545
66d8e7d1cf8441af90aa,2.2731888888888876
c15b179faeb77a628b92,4.069399999999998
5404e1c605e0a596f84a,6.583959325396823
07ade061eb1186060c26,0.9700819444444435
325987af01e79fd1fe03,0.9955375
e1f3f04032997969e037,1.1433041666666657
518778bf3e43bb3791da,1.1433041666666657
9734a816b0d859a61f41,1.1193041666666657
3e904076823f4962371b,1.1193041666666657
fd56e4dadc0f2ae0fd6f,2.14426388888889
556181090a672f7f2dab,1.1193041666666657
186ee3b5f62e5954134e,5.513722222222222
5d7ed04a2e4ca0469ee6,1.5570972222222212
583218416fc5b13cbd9b,2.069097222222223
67ff003f4a9b5244c319,9.829666666666663
5ddd7a2c2029ae7b5d75,18.295166666666667
07f7443ce329efd89626,26.076499999999992
1aab39f55cbd35dcb50b,11.444999999999995
78f1ef9c3a7e3b898cee,13.272333333333318
c892d53d6173c947e5ad,12.404499999999995
2e9c84c21d7fe1e0485c,15.850000000000005
570354c3e5a47d0c7d1e,9.829666666666663
3bbe862dacb731ee4929,17.081833333333332
0f77b05b9a96bd68e271,19.946166666666663
8b0eb17b0a4bda134421,17.351499999999998
ac0c9b15307873644b77,20.436799999999998
66ba3bf59547318ef7e1,20.530966666666664
8b931fe59cbc80012286,14.711166666666658
8acdb888d5649c97d481,16.166666666666668
3a3a460c9e614ee40b73,14.470333333333324
f0615c4ef4aacd7c7c61,14.470333333333324
0c805398133915cf0bdc,14.558833333333327
d487aa265f85782038a4,9.813166666666662
181f3ddbde5970a7c43b,24.86658968346469
d37caec93fef7000c357,20.63592147366522
037f56a4af1a7153e97b,12.35433333333333
967f163473be6bcb1471,20.63592147366522
0fb0004470332ab007c9,11.101166666666668
57adc434aedbc7c2f07c,34.093166666666654
2813a14c1bcac7596001,27.9073333333333
180863b7ab48999693d8,7.577333333333329
1dacf427d1f065ac6043,10.452833333333329
23b782f069120ea58a41,10.091999999999993
73c1ffee6e84bec5fd5b,7.577333333333329
b713baa485140df515a7,8.05416666666666
677685cb3fab703ec131,7.577333333333329
5ec0538c7676b74ceb03,8.703166666666661
d67db17d027ab5408644,11.187222222222227
8c62b9f232601adcc96d,13.749833333333331
614b915d5138353f0e59,9.874166666666662
1c4e2aa09fb77f8c0bfb,7.556833333333328
78dd987dc028708d0744,15.829499999999998
9c9e129ebe7010683d90,8.780333333333328
4aaa3701e7cb11fc4b7c,20.58166666666666
13eb8b2c9cdf9ffd9150,28.3025
28e1b6c04ab1ff92e585,15.756666666666671
5e84200a752cf314820b,15.607666666666665
c4c8e4c172a29f750229,28.194060606060606
d9a0a3a7d278f47156ac,14.164000000000001
e71f49c0df8ab4121011,20.681000000000008
17138f76dd65ad268afd,14.624500000000005
8bfe0ac05cec4d852c93,22.1745
e4eb54e3edc989fa2575,45.09562500000001
00e308db0ecb76180a55,21.657833333333336
4335bf55cabdd433eabf,21.766333333333343
197686b33ac78a046edb,29.22183333333333
6478b512625434119108,28.68563333333333
5b1172a27a498d057cc3,13.8597
2832ac1dc42957c9a732,38.5333333333333
0278150b204e94add75f,18.338033333333325
eec1b14eb13ddf6c06f5,12.535366666666661
81020880da786ebfa1f6,33.50883333333332
ab7f84a57334c7712464,14.036500000000006
fee5d0f5c42dbc022285,14.01099999999999
bb706d96216bf4ac01d7,12.166166666666665
5ee2d2442efaa0380127,17.57133333333334
f1b147559309b0409eda,7.842166666666668
a60cdf67ce76e6817069,8.758
70872633bf053dd7fdb1,11.464166666666666
a38b977d54f6aaeec3bf,19.567166666666676
4d220266e6970a21198b,24.802999999999994
e50922176685e63db4db,24.795499999999993
15c857eaf5be6acc5cd3,21.029166666666654
8ac3f86935bee9bd04ce,34.035055555555545
e142dd182f448bfe8d87,18.71233333333333
13b13601ba52072ec303,20.11283333333333
d1d83e0cdcd1c5f1bf68,20.35983333333333
a896d9d39d8f85be0403,10.323333333333334
09161d7e643be82cad06,7.777666666666668
6f7cc6c3a392c64031d9,12.039166666666672
eecf89fd348abd18b66d,15.06083333333334
a334e244fe73e7fead55,12.534333333333338
0df33a5924869e572ddd,7.737166666666664
dbd93afc5b0ebc83f745,31.413
5fa6f4e6aaea43f20044,29.99266666666667
c0c02a57817ecb73bbc5,27.68266666666667
e9d9735eaed0abce3060,15.330666666666671
1ca23d40435188a61427,27.5215
b6d51d754801ec6d82cd,18.347666666666672
69516fc7e6f604562462,18.010500000000008
ba632e592b2685aa91c7,32.20616666666666
6f333971fbf82cb0b883,34.957666666666654
be0c8729e1d39636f8b3,29.713333333333335
7468c3fbe3fd231ca370,30.66366666666667
60162d2a2b9efbc699a5,29.911833333333334
0431a8cb0d8077e70a90,28.116999999999997
3a63f03501dddf225e80,27.755833333333335
b0e3107e32cc55dd64ca,36.79050000000001
da10345681f2c355e6ba,13.786999999999994
e719ee66dce1fd518845,21.965666666666674
7403606813b3cab60c6c,24.97999999999999
96f552dbb112184b8c0e,8.609166666666663
ab204a0f648b9873d0aa,10.004833333333329
d4edf6ec97584da8481a,19.425833333333337
956e54f62a54d1f05f29,11.407333333333327
3eb325704cfcb8b6f5ca,11.667
ca49163f776ebcd07493,26.927333333333323
8c6c7dad780ffc30800d,9.33416666666666
34fb35194392cd6c875d,12.076666666666668
9d6b4428eaa4d72f2f1b,16.442999999999998
ffc428b3bf0f5d9d441f,12.683499999999999
be7d83715c740dfe0a3a,9.75666666666666
513a1cae77f5916dfa64,13.455666666666666
ac29c95c63effb0f8c16,8.96983333333333
4eb362a320b46a6f4e25,9.321500000000002
d166fd90c73cf686e7b3,9.336333333333334
b5164e459cf0f378d566,10.099499999999995
06463ccc47889066ca52,13.42366666666667
fbe08ffe8ddb7f33a7df,10.849833333333336
9baec543a844d25d6a18,17.184333333333335
5917187065c5c339ae32,9.626249999999995
d4ba4dd0e2ec7059aba8,9.626249999999995
323149a5cf3310ce5f18,9.626249999999995
b34c3618081371728395,9.626249999999995
2a19a254db2dbb39b8a4,23.446233333333335
5bd708f0ba53fc7bceb8,6.8265000000000065
4e7d71ce82761dad59f1,8.468666666666673
490c3809a7dcc97eac3e,8.038833333333342
40c97a06b603091151f1,7.103166666666673
61d8d64af516fcbf7b46,7.109833333333339
a6a5927f5b6f36eff140,8.172666666666675
4fb3fa65bf7573abec64,6.997333333333337
79e535145889412d9be9,7.062833333333339
995a1d3fcdd8f37174e5,8.038833333333342
8726ba590fd17bfce558,7.057500000000005
48802ec49971b652bedd,7.109833333333339
38728d99bde1a337879b,3.2628333333333353
abc7c8226dacad58ff04,3.2615000000000016
8d1969c961db6f799943,20.75816666666667
33d60005e54cce1d8a61,23.15666666666668
02a2948bccbed1e1a7fd,33.03466666666665
40f20b338ce194a8d712,35.99783333333332
f8f1212005e9e19748d9,27.821499999999997
f0885289fe7979a43eb0,27.371333333333315
0d6b43f4db59990e1fb3,30.139499999999984
baaebd09b586dcbcc072,20.38233333333335
5e22246ea6c418d6a575,27.850166666666645
bcab7e42adc266495015,21.16083333333333
25ff7bedaadaeffc76c7,27.528999999999993
c6906ad1f0de388d41dc,27.15666666666667
925d05cc64db0cc91998,21.26266666666666
ac29376634e5d56428bf,40.355333333333334
fcf8c15dd71f0fcddcc1,29.391666666666648
10038658bf7a4db12111,30.962833333333325
19ee586da22fcd930941,32.44254999999999
6d4fe43dcde9aa4890bb,29.381499999999974
c8bf0014d9c052249006,21.366666666666656
5bdb0f109b727747a3f3,28.322333333333333
2dd14638b9b8979f57fc,29.493999999999982
c65dae8001fce5e6f915,27.42333333333331
044c8a66fc9d4ad8edbc,29.765833333333312
1841cf6d9dfea44958d6,28.807833333333328
7b87563f22f6e771af96,22.046499999999995
91d48e83da9a3b6be5a8,27.020333333333312
57af3525635e3ff453d5,30.694666666666652
9fa68d1999a4627100bb,28.319666666666638
7513fe28070672095ac7,32.56977222222221
e99b1aeb9ab651876d65,32.79549999999997
bbd320f7a478efaead53,27.94833333333331
19a33ed48fa3fdc3982a,21.930499999999984
f81caa45526f0bfa3f9a,27.536999999999974
ddf6c530c22b6fa9fbb7,21.232
7827508864990ced9bd2,26.196383333333344
d9b3b8d0810fba0f1e92,25.575333333333315
acd116871072d9e341b2,27.649500000000003
887f2f232f71e9744837,24.13966666666667
9807dbcd99a7a0ac781b,28.647333333333336
2789bc60c6bf5528ca9e,24.548500000000004
ed16389fa4c163bbd198,27.821499999999997
37395a9337c154cd194e,29.691166666666646
bdfe6969d447baed761b,27.02988333333334
78bfb2167bb806c6c05a,20.38233333333335
9592caeaad7724af4ab0,29.391666666666648
0341eddc34a644fd9685,25.43666666666667
8e632d0c6c1f3e2eaed0,23.267500000000005
915bbcc1666961402498,24.016000000000005
c2798446591601bf8f8a,22.201188888888886
c8dedc7ff05d63ef0a55,10.665833333333335
22aa233ceb91dd98bc71,18.517583333333345
552311a4e774fd087c85,11.276583333333331
cd882d56c510dce31d78,36.99225000000003
5b722155e2bad0b8bf03,41.05100000000004
12403f04d6152ce2afa3,36.8929166666667
6d40856350dba58416f4,39.344000000000044
4acf23315c48de40bb64,26.007499999999997
eb4e970b4401e1a37ab9,40.72200000000004
de120615f2bc3580d34e,39.339166666666685
b6506633deef7ba5e060,24.47966666666666
1ed0f43480ef908850f9,45.12766666666669
1a558255f56fcb0f7bb5,28.85166666666666
f2db1a6c4e8390a146ce,38.8416666666667
17f0c37631eaa8c6fc8f,37.35691666666669
a933e90ecd491b671832,22.872333333333327
b339b43d3bca040d890e,40.72200000000004
3f0a32df8f258429f8ad,41.20350000000004
7fc5e8fc230ede73226d,13.885763888888896
3ff6a5bf0b84e61e0a01,8.991000000000005
ace4973bf4a95dcc4fb7,8.956833333333337
fa13e67e3dce18690c3d,4.211833333333332
fa88e1356e98b9a966a9,8.51333333333333
f831233acda1fba7c7ad,3.272166666666666
503a8a3574d9144538ba,3.524333333333333
f7af8e33538d984960a3,3.461833333333333
1b960f04ca809c4edf2c,4.903833333333332
b00a87f2b33f408b45bd,3.712791666666669
f36077886a884003237f,4.238499999999999
b2fdb919fcaf5b042ed8,3.645833333333331
7a5cdd8e15f16b992f7d,4.3445
9f30c06e4d6324cd0c0b,3.1841250000000025
0c864e8a9eeadc150c85,4.047166666666666
c67a219a1c5d6cd1edd8,3.829166666666666
cc4b3a5b7e2f6c3a8102,6.049888888888886
e9c973ded3faffa7afe9,3.513166666666665
e9823609bc766c14e210,16.099166666666676
3583c81ab5375b16b629,3.5539999999999985
4b4b6f82ce907de02750,4.921999999999996
82e6775f8dadc69642dc,3.895833333333331
a776cf2f1ef720a04e34,5.377833333333327
209948af1e469867e2f9,3.203499999999998
c878904ede769404f98a,3.3734999999999986
8b5d7026d089a82b6022,3.2896666666666645
aeb1b04fff844b7364ea,4.807999999999995
81d08285ebf915d33c5a,3.752
9e07e74f0013fe9c778c,11.396833333333339
ba46b776acbc28e9c9e1,4.3121666666666645
d99a3999daf28dbb9630,5.243833333333331
ff078e7644295e5875c0,3.3734999999999986
e27f695ca586e57ed6cd,3.406166666666664
49e7241ab984a4cdb446,3.182833333333331
a403495b126822828d71,8.710833333333326
9a1de999e36deec7f231,6.167499999999995
94b896f6e9430252267e,3.6403333333333308
9b961f88be8d94c48460,3.1748333333333316
7c61e1d4bdd53553ca61,5.327333333333334
3d1b41c93cf6928a5ab6,3.8323333333333336
f636430a4ec383b9babd,4.411458333333334
01e04f58539fe0cf7af9,2.4552499999999986
bef3afdf5e495640008b,5.738166666666665
5f2a1bcacdc6b85a6862,7.470499999999996
3583b8dae7c24baceb2c,8.719833333333328
b315e837ef4d8d10dbff,6.847833333333334
aab3a59e880dfe861a60,3.664458333333335
f664772271ffbab0934c,6.9585000000000035
2de1478ba28f223c9b32,8.385000000000002
004019511f9016c76de3,3.336333333333333
005bb5b184dbe40b9948,4.139833333333334
91545babe500721fb542,3.265499999999999
6760c1426c0dd330a4c9,3.6991250000000013
860b0874c630105ec2f0,3.8318333333333334
d9f15ae69bb65210095a,3.8185000000000002
c8acc6684532d1604d55,3.705333333333333
99b1f743f46c35830128,3.540166666666667
3b51144df84def420c85,4.405500000000001
525e21a11652392b1cbd,3.3974999999999995
6dc8aa78522eb575c511,3.1841250000000025
f20c22ff7eef7fbdb87e,3.1952916666666686
684ae59d8afa97cb3fe6,3.1952916666666686
8d5269547edfd8257dfe,3.740333333333333
35165e8d1231d7ef7ffc,2.4552499999999986
aa3b4677974f375459a8,3.6991250000000013
d68b9b9e1ce4f0bb6f07,5.707666666666667
91dc9a3f98c2162c47b7,7.325333333333334
aaecb09555151b250acc,3.1952916666666686
767b2f20759f096a92d7,8.381833333333333
d42e47c9a24040d2d3bc,3.871666666666666
61980c09d03c2048204d,5.390833333333332
0d6069b443da5de9b4ad,3.5408333333333335
0b59c12815729155838b,8.975000000000003
aac91ec5e9f8b7ab2903,53.13050000000001
75a3da330ac59abad4b8,53.96233333333335
76b8010903078dfd3c14,53.0528888888889
519360739173f6ee5631,53.0528888888889
a443bf64e1cc99157988,54.00700000000002
d1a4125190a2a213c795,34.94549999999998
4d73ed1b66f7a9885012,35.15649999999998
e45c2e78f576da13ada1,33.822999999999986
a3c4fcb0e7ddf695a3eb,53.96233333333335
147b8c22a3c32932eb58,55.08572222222227
121a9b419b723a07e0b5,53.0528888888889
17d789385d5ff101f93b,37.90199999999999
7935388b1ca1cc7e6edd,53.61055555555559
2b0ccf432e288129d8df,57.99200000000003
4d20a349dcb780382646,55.99633333333334
747a37442a98226151b6,53.96716666666671
6d80889ce0502b3193b4,53.61055555555559
36c74bf9816d05e21c88,53.743166666666674
70118af0987d7840efb5,54.37716666666669
5926dec4f6457fc3d662,53.6321666666667
b525282f3d5dbe2edcc0,56.40466666666671
1a047ac9c5c0c0edc1ec,36.69016666666664
750203140bd0f4d1bc53,55.78183333333339
1d9888723010338901f6,53.0528888888889
926e3d71e1a5ab7fa8ee,53.800166666666684
7ea4a2dbbbec522864a6,53.96233333333335
402c37e1c52bd0ecae1f,53.785000000000046
42a4c7ebd0d4616ddc5e,35.440333333333314
4fa6cb75eca278381896,54.15400000000002
c90b5ed5b9371236af04,5.6995000000000005
892d9cee4afec4d82e7a,6.3889999999999985
3e879dc4821805292e78,28.01991666666665
42d1ea3e36d91c65812a,27.76391666666665
ff70bcb5f48d75c31953,9.010166666666658
26373592c05c7ed90ebc,11.055833333333329
545ae2e46750ddd80ab8,11.01033333333333
7affb173304d2f3e586d,19.842833333333317
92eaa3490eab36ec4c54,13.599666666666662
5662adbe61c9f22db5df,6.490333333333334
51025fb0a9c7f4790339,6.812833333333333
5b2434e16724b636709a,7.007333333333333
a43dfeb748f1a22cb014,10.980499999999996
3c952a2c92f899f25128,9.378999999999992
37738e6ce73271463f5c,10.207499999999996
e5a5f9535cfdb26604e6,5.805000000000002
e2d2450306dff13cda18,6.799666666666667
b81b40599d938eeb9481,5.958166666666667
f49de0a074eefb0aa939,6.704666666666664
1baf65d57d7fa9fe00ee,9.969333333333328
522a6f0cfd0399a494f4,9.37516666666666
0ccfc888f2576799bd03,7.003999999999996
5f97fbfdecfac3f8f472,7.017166666666664
71c1bd0bc13b0f347e81,5.494500000000001
227fa5ef92aee1d23306,3.195458333333335
89329bc794bfc32ea01e,3.1952916666666686
97d198103a83031bcb8a,5.673166666666667
ff39e0a5424e9b235d1a,14.369833333333338
c3a66f7e917642d96fa4,3.6991250000000013
8f8f731b778c12a94afd,5.121666666666666
e44d5e573871b3432664,6.283833333333335
0bf7d31e544171c7ef8e,3.6301250000000023
fdad07645fcf729b44e0,4.7426666666666675
4c517bcd2affcf6bf5ed,9.096499999999994
a940d2ffe26212962f07,5.432833333333333
edd99dd18393af2b7655,5.365166666666668
4e3b9566258d48d7264d,7.536499999999993
b26510c1f88571616554,7.713166666666669
3c9fda245cfaadbfe7f9,5.356666666666667
613c3ded2c7a0e984fe9,5.163166666666666
cba85ad6550cc67a0bed,5.2188333333333325
5621cebadb109af105f1,4.800166666666666
c6b68b23611f96a0d966,5.199166666666667
61c01249a68c0f1b9ca8,5.0598333333333345
d9f4d0208372578abebf,6.208333333333334
240a3a13ed7136cf0206,7.528833333333331
0fc8f19f5306c1fce170,7.135499999999995
241c449c9330fb1c7289,5.3261666666666665
8eba484e905e0818a54e,5.805000000000002
55f1454a8512739b85a6,13.82666666666666
a2ccc6139f483b3504e5,13.851499999999994
438929c35670b523de5d,6.812833333333333
5556324bafb06a918c38,7.007333333333333
ace9fc25fc8ec2f73ea1,6.490333333333334
071bd438fd0e8802b677,14.293666666666661
12bc919659f5b1e57b5b,16.200666666666667
c40428d345bd6741f5ee,6.799666666666667
a05be3b9fe858c5bf2ba,6.049888888888886
916c57d67f60981ce2c2,2.8733333333333344
c27daf3a36bbb0642568,5.029388888888891
ab2b35b3652083d88266,6.004416666666668
61a237ed8606bfe27629,4.9754722222222245
a18e85b4f180ea07188e,4.848472222222225
74660df235b2df39c743,5.029388888888891
6d6c8b1cfb3bde98e61d,6.049888888888886
a74a89340ab66a911418,3.01205555555556
572c632644bf2f137bb0,3.01205555555556
b92ae2ef89486520bc2d,3.537666666666667
2f8bb323b4f69de99440,3.743388888888887
383989a700dfabcd372c,6.515999999999998
a74e0e4cb00f91505a65,7.246833333333333
d133e0218fd6b86e5ae5,3.94222222222222
d2bd2a4202a6201eef44,4.940166666666665
0dfb7842889b957f6f63,4.014833333333331
a1f7e644c88fe57cfd00,4.5364999999999975
3f09d1045f6e4a00b545,3.4751666666666643
3613ddafe94da0b388b6,4.755166666666663
36daece21a78dea12ed2,6.2921666666666685
ac6b5213f91ad5e1547e,5.916833333333333
9cfb370c54aa9505bf80,4.492166666666662
90d8e4d0f08834e0a648,6.099500000000001
1ad44d7bb6e1e7a44ef9,7.4775
e5870a7a80dc18cf9a28,17.648666666666667
113ae96a93412e26cabc,14.167833333333336
97bfd2dc09eb720cb655,16.671666666666674
b722bdc4753a0cc1f800,6.556722222222221
7d050f9c39538c673a45,4.188611111111112
1bfad656111214c04937,7.601888888888888
7dccc9e65169dda89a42,6.572388888888887
acd219b96a407bfcbbfc,10.551500000000003
7fafae6a6df8a4639ae5,23.92816666666665
11c7252c5903a7ba45b1,54.58116666666669
4d905f0fd4d8c574e171,53.44520833333334
04dab2638fffca6b23bc,59.058666666666674
705a163b378287af266a,23.246333333333315
1d735617b91a6d7502d8,50.96883333333333
85a83527754d85144eb1,61.10550000000001
4437caca3785d8b87532,23.98216666666665
4c9abf67ceffaba3320a,51.22200000000001
9c3462a65b224052c191,59.232333333333344
a93c8b4f2e124f943861,23.510166666666656
49c7a7b1c2113b4ade92,61.10550000000001
1f2629b28ede3b5c93bd,50.84433333333332
90de9c199aa9822ff474,4.881833333333331
9b09366b8ca648b27a2b,9.150166666666664
b0d1de1181ecc11d19e5,9.372833333333336
ca6518e3e4f347b11630,7.379
4a56831872debb1a923f,7.182500000000001
91b85137acbb5bc5c555,5.792666666666667
ee0353f01a0276740738,5.809500000000001
9e1a6b5edd30dfad7118,7.822499999999999
b9bb0d6176bb63a4af8c,6.934833333333334
291dd82a87f517388a51,6.155333333333333
e6cc8cad74619e6772d7,7.1960000000000015
36a08cb3e998d91c60e5,6.270666666666666
2797fdbf206e1d4e8155,8.548
af052a98642a8befc73e,8.332166666666668
8b741a49139eeea08c39,5.294833333333332
13a4b11c5da95ea70d6c,58.46387500000001
73526092ae37e8732b7b,58.173083333333324
ebf646bd59392e778185,58.98883333333333
a0141f1adacf00d62be2,58.46387500000001
5a13106fa1aa59a907bb,59.19116666666667
374732c12515e8d6bda3,59.18083333333333
0cca0031603e6a4425d1,65.42361111111113
804eba2b30fd5c62b1b8,10.811333333333334
71939b607ebb00f30b2f,10.606277777777773
1796eb1e6759fbe68d7f,15.219666666666674
de67797181b0ad94a83f,7.744097222222216
43ead7f134264b10201d,13.846333333333332
ca18f7f3a904b430961a,11.586999999999982
a3853860536b3661ff9e,8.700444444444441
31063e95c39cbac03385,7.041682539682536
f8ebda44853d73a2f9d7,7.644111111111109
071351249abe6877dd87,7.744097222222216
a26d0f2237701b41e126,7.744097222222216
6b6a2c4eb8f2f1d66ea5,5.3403333333333345
9e6a698124d37d28acdc,11.711500000000006
544935b311a05abe80b1,6.547166666666668
ee83a84794404faa7cfd,13.551166666666662
b51bc7182a486beadc8f,7.703182539682538
fadcb83fde4108441b2f,10.811333333333334
bf8faf7f9117a2f49456,14.283499999999998
9d640397e42491a512c3,7.997777777777769
6be5e6e83e6cc28e3b81,13.551166666666662
7b77b8841087e43b2c3c,13.420499999999999
86acefad7983dd7d65c2,7.744097222222216
342006996009fb7d660a,14.557333333333334
dec707aca54e4f156063,13.994666666666683
9d3664a4c47e5e5df59a,7.084791666666671
8e6293aaaa8aeec39caf,7.09629166666667
84e130adc5d48fd253b2,7.612541666666673
ee65e2d5594f643410c3,8.014875000000007
96087a21dca93959f397,7.612541666666673
af827d488d51963a8332,8.363166666666674
e25b9d2e243b93b4c605,7.415541666666672
59539f25af91a4d54781,8.014875000000007
875953947f8ca66897b1,7.09629166666667
42c3dc5480108d720756,7.612541666666673
bddad20e07f5aee65e6f,7.444041666666672
c46fd514d5ca99b346bc,9.348000000000004
521145487cd0ee5e9565,7.126375000000004
d245e93a2f58158f798f,7.733736111111119
e612f8663934f08765be,7.3062083333333385
5ad9f29afaf0ddf1e483,6.706000000000006
40c31f3718429661c52e,9.97883333333333
0b4be276169027122116,7.9901111111111085
9631afacb3b369260ab8,14.205000000000002
1cb895c53b6b4ab5c181,10.3665
1bebfaeabf3e59fa55c0,9.5815
26ee1e0c1455dceda264,14.47390277777778
12b513cfb4143ff44edd,9.987333333333332
71ebcf5c50610b0f2c6a,9.661500000000004
7d3fb4aa6a088c53c7ba,18.49156944444444
0c0ec1f1f4704d4343a4,25.985236111111092
80b8b4d461b9b209bc1b,17.89959166666665
79ae4a3f3011456f3deb,4.244166666666665
a353bd76c93f145bd95a,4.152361111111112
47ba6e43f7c4bbcf2695,3.6805000000000003
c598f2f5424960641262,3.6778333333333335
9693d6acfdc000648e71,4.4964999999999975
59f1b3574c77294de10b,3.544333333333333
572a015bcfdeaf333c94,4.29483333333333
c6506b725cbcddb2110d,4.9935
e07dd2f8de8db5e1ab86,4.7571666666666665
3e3c288c5a67ce580bde,3.952361111111111
9bb71ba0a0e2ba4790ab,14.826000000000008
7e2b2630ddb1a58abc92,17.491444444444447
a0623e487f49495bf044,17.515055555555556
6c4a30ff3bfc66355680,11.73766666666667
24e5db55e6e1044d446a,15.53600000000001
bcf2f9f2d8399391e378,10.54108333333333
fc7c23868abde3d4a2f7,14.11266666666668
80dab38febf3a7d2bd7a,11.64683333333333
d9041c622c60b7501d66,17.821333333333328
b79550efa80cbc2d0b22,17.491444444444447
7c399857c8092c47f816,22.968499999999995
753cf4c69b1bfe78f621,56.44250000000001
4994149c563e2c0a6d30,49.64466666666667
2a8707f164b0ac141aa1,61.10550000000001
e518df96e9241450aea5,22.739333333333324
8dd2f2eff707af7d77f8,22.379666666666665
adf447437255edc54e5b,48.65216666666667
f2b999a77b7ed0b3c09d,23.031958333333332
5ceebeeea890304d0ee6,48.65216666666667
7140ed25d949c39c558a,48.65216666666667
af6349cdd5d992865f23,50.235361111111104
b0a34eb513796f8350bb,33.65105555555553
ac654eb98181d073272f,23.52016666666666
47c90be4fd0ceedb356b,11.881166666666662
bf9bd261327f024e870b,59.232333333333344
3c0ca678f6d3c5ec74a5,12.369499999999992
ea5ec3e6f39299d0707e,24.233166666666662
98f8d73e7a61cc614fbe,23.031999999999993
b1c12bbea7a6f34fcb84,50.84433333333332
6d093fd6aa0365f5abda,28.532205555555528
34dfe87f7d398f8a0827,59.232333333333344
0801312d65185901a0c4,49.58283333333332
da047b3ca2616e0c7a94,51.22200000000001
c242c051a6344753071c,23.910333333333323
98e29df730e253b31a63,22.739333333333324
9ca841197cca67b6409e,22.117666666666654
3c0ed20b25b43285eb9d,23.997999999999987
74be97f307915b01b048,22.470666666666656
958072b564105c7f81cd,23.773999999999987
834c9779e266f4477df4,57.13783333333334
8dae064e29e83a47ffc0,23.46683333333332
217bc31622b8bd581814,56.44250000000001
d42e0d41f8e784d2f254,11.869499999999992
04427be9c34cbcb6b696,25.188999999999997
e7e36081608269cfdc4b,59.232333333333344
c2a678ead74d835303eb,21.427666666666656
270490b50ff5f5566268,23.773999999999987
0a03ebbbb563df65a30c,56.44250000000001
26cafa3035e5b7b88438,34.79961111111108
4d6c2d53bbe487fd9676,23.510166666666656
c90d04017ac369454727,54.58116666666669
35b5cc691db046701c87,54.567833333333326
eecc465279af55d9fefc,23.529666666666664
f92591ab6034fb601dbc,23.93466666666666
4bd3023fe99a6ece9925,24.064333333333323
8d5c538afc5e7f6ebee1,22.56899999999999
5fa7d0d84672a5b35851,33.37634722222219
0e45a88482bd9e3066bb,24.28249999999998
294b7164711244da664a,23.19733333333332
2fe59b7d91d0dec558a1,18.454083333333344
7256ddddac856839cf33,15.335920833333336
a9cddc71a696a7f8066e,15.278009722222222
0dd038cc01c1c1ea98f2,12.582000000000008
f279a933dd86c92962a1,18.6603888888889
e2c3fcc84e329c52fbaa,18.607333333333344
ecb1a3ea6a869e3de58d,15.278009722222222
f883eddb79ed5ff21ddb,20.25300000000001
3c0e5a5e11542e3aed4d,16.298704166666667
f037d97821ad22415bdd,18.38472222222223
7fe7344aca1a944163a3,15.271833333333346
4a38c65ec33c6ff0853e,13.840593055555551
f7023272e1259c97551c,18.941750000000006
58a43ecf18800f2e8fd2,8.080625000000005
3a7e0995f8ebaaf99be9,8.080625000000005
759bac4c8cfdb19be454,7.444833333333338
73e19063234b4065dc46,44.25350000000001
b136fb1d7ed4eebc5d20,8.57401388888889
6e6fde954eff35a5e0d0,14.471916666666662
34d52d740cca045acf05,8.532722222222226
c81de85037164d059ad5,3.426044444444442
6a6e80e6b082d52cf032,60.376416666666636
5e7381d401a263871ae0,3.1088333333333344
f2dab2468991d0fc872e,3.1088333333333344
8e16fba84566c80c1a13,2.7448333333333323
d2b71813bdb229338220,7.818666666666673
b71944bea0cf903c1823,8.634000000000004
362b19d9d262aa3558dd,3.574833333333328
4deb83ee1aaab2fc3633,3.4563333333333293
591f55c9b9206dbe60bf,8.520166666666672
cd553238c809b5aa143c,4.39716666666666
d5c8090c4cbecd13c9b6,3.341666666666663
12c7bd5189bb3dda74df,3.4563333333333293
4b19c682a8302b0d6463,8.634000000000004
c94f41b4a5de71c0daa5,8.525000000000011
de9af95befdef1a5bfd4,3.7001666666666604
aa37fc935f3dc0af424b,8.634000000000004
ee639eb420c20f98f744,4.2923333333333265
06217ecbdcda1d71e09e,4.51566666666666
988e5db3b43a531ce4a1,3.8606666666666603
6fd3a227eb4f2860a51d,4.51566666666666
35bb68ac0aed62e2c27c,4.39716666666666
57919d773296c6b5217a,8.634000000000004
53a4ef21cc3b2557c46f,3.5946666666666607
6ae6f65b8fc82d2e7dcb,8.524333333333344
464800bc62dd3384dfc5,0.9531666666666664
f173f5b1d90e625df6ca,1.8948333333333327
ea62687a75d5af177550,1.6230000000000004
93cd7352591f87203406,20.280499999999996
3b4b0fd305018301b08f,19.478333333333318
ddb22817476e86201528,19.695499999999996
08c9ede19f057390d9ee,18.108999999999984
99e24114cb3b84bb1a76,19.695499999999996
e7ee355fc3538976cda6,15.475333333333328
6e041ab64d1558c317d3,11.832
98af97a3aa67edb3a44e,24.620666666666647
614a99eff938235a013e,24.42000000000002
f1e416b16c673cbf6bd2,28.441000000000017
e1a8961adb2c159d7657,23.48066666666667
03c618fdaa4b2cf92181,22.747333333333337
ad15eb5f13746d703f02,18.55300000000001
881f0da1922690205c93,4.156666666666665
c2d1300d22c522fc8a15,4.739499999999998
66bb261599d7ee5e087f,4.739499999999998
f9907b80697b654f8c14,4.891499999999998
0247c7beef13f9d2fd7e,5.995999999999999
abe2c1babb7feef85fda,4.933999999999998
d6ce7905450324498c30,5.224333333333333
d3db332e6196498e781d,5.24083333333333
85825f68ea063eabbc68,21.665362698412697
